<?xml version="1.0" encoding="UTF-8"?>
<project-private xmlns="http://www.netbeans.org/ns/project-private/1">
    <editor-bookmarks xmlns="http://www.netbeans.org/ns/editor-bookmarks/2" lastBookmarkId="0"/>
    <open-files xmlns="http://www.netbeans.org/ns/projectui-open-files/2">
        <group>
            <file>file:/C:/Users/loome/OneDrive/المستندات/NetBeansProjects/GymManagmentSystem_442004697/src/gymmanagmentsystem_442003697/Trainer.java</file>
            <file>file:/C:/Users/loome/OneDrive/المستندات/NetBeansProjects/GymManagmentSystem_442004697/src/gymmanagmentsystem_442003697/Workouts.java</file>
            <file>file:/C:/Users/loome/OneDrive/المستندات/NetBeansProjects/GymManagmentSystem_442004697/src/gymmanagmentsystem_442003697/Person.java</file>
            <file>file:/C:/Users/loome/OneDrive/المستندات/NetBeansProjects/GymManagmentSystem_442004697/src/gymmanagmentsystem_442003697/Packages.java</file>
            <file>file:/C:/Users/loome/OneDrive/المستندات/NetBeansProjects/GymManagmentSystem_442004697/src/gymmanagmentsystem_442003697/Member.java</file>
            <file>file:/C:/Users/loome/OneDrive/المستندات/NetBeansProjects/GymManagmentSystem_442004697/src/gymmanagmentsystem_442003697/GymManagmentSystem_442003697.java</file>
            <file>file:/C:/Users/loome/OneDrive/المستندات/NetBeansProjects/GymManagmentSystem_442004697/src/gymmanagmentsystem_442003697/Editor.java</file>
            <file>file:/C:/Users/loome/OneDrive/المستندات/NetBeansProjects/GymManagmentSystem_442004697/src/gymmanagmentsystem_442003697/Diets.java</file>
        </group>
    </open-files>
</project-private>
